"0","##Load packages. May need to install"
"0","library(DESeq2)"
"2","Loading required package: S4Vectors
"
"2","Loading required package: stats4
"
"2","Loading required package: BiocGenerics
"
"2","Loading required package: parallel
"
"2","
Attaching package: â€˜BiocGenericsâ€™

"
"2","The following objects are masked from â€˜package:parallelâ€™:

    clusterApply, clusterApplyLB, clusterCall, clusterEvalQ, clusterExport,
    clusterMap, parApply, parCapply, parLapply, parLapplyLB, parRapply, parSapply,
    parSapplyLB

"
"2","The following objects are masked from â€˜package:statsâ€™:

    IQR, mad, sd, var, xtabs

"
"2","The following objects are masked from â€˜package:baseâ€™:

    anyDuplicated, append, as.data.frame, basename, cbind, colnames, dirname, do.call,
    duplicated, eval, evalq, Filter, Find, get, grep, grepl, intersect, is.unsorted,
    lapply, Map, mapply, match, mget, order, paste, pmax, pmax.int, pmin, pmin.int,
    Position, rank, rbind, Reduce, rownames, sapply, setdiff, sort, table, tapply,
    union, unique, unsplit, which, which.max, which.min

"
"2","
Attaching package: â€˜S4Vectorsâ€™

"
"2","The following object is masked from â€˜package:baseâ€™:

    expand.grid

"
"2","Loading required package: IRanges
"
"2","Loading required package: GenomicRanges
"
"2","Loading required package: GenomeInfoDb
"
"2","Loading required package: SummarizedExperiment
"
"2","Loading required package: Biobase
"
"2","Welcome to Bioconductor

    Vignettes contain introductory material; view with 'browseVignettes()'. To cite
    Bioconductor, see 'citation(""Biobase"")', and for packages 'citation(""pkgname"")'.

"
"2","Loading required package: DelayedArray
"
"2","Loading required package: matrixStats
"
"2","
Attaching package: â€˜matrixStatsâ€™

"
"2","The following objects are masked from â€˜package:Biobaseâ€™:

    anyMissing, rowMedians

"
"2","
Attaching package: â€˜DelayedArrayâ€™

"
"2","The following objects are masked from â€˜package:matrixStatsâ€™:

    colMaxs, colMins, colRanges, rowMaxs, rowMins, rowRanges

"
"2","The following objects are masked from â€˜package:baseâ€™:

    aperm, apply, rowsum

"
"0","library(tidyverse)"
"2","Registered S3 methods overwritten by 'dbplyr':
  method         from
  print.tbl_lazy     
  print.tbl_sql      
"
"2","[30mâ”€â”€ [1mAttaching packages[22m â”€â”€â”€â”€â”€â”€â”€â”€â”€â”€â”€â”€â”€â”€â”€â”€â”€â”€â”€â”€â”€â”€â”€â”€â”€â”€â”€â”€â”€â”€â”€â”€â”€â”€â”€â”€â”€â”€â”€â”€â”€â”€â”€â”€â”€â”€â”€â”€â”€â”€â”€â”€â”€â”€â”€â”€ tidyverse 1.3.0 â”€â”€[39m
"
"2","[30m[32mâœ“[30m [34mggplot2[30m 3.3.2     [32mâœ“[30m [34mpurrr  [30m 0.3.4
[32mâœ“[30m [34mtibble [30m 3.0.4     [32mâœ“[30m [34mdplyr  [30m 1.0.2
[32mâœ“[30m [34mtidyr  [30m 1.1.2     [32mâœ“[30m [34mstringr[30m 1.4.0
[32mâœ“[30m [34mreadr  [30m 1.4.0     [32mâœ“[30m [34mforcats[30m 0.5.0[39m
"
"2","[30mâ”€â”€ [1mConflicts[22m â”€â”€â”€â”€â”€â”€â”€â”€â”€â”€â”€â”€â”€â”€â”€â”€â”€â”€â”€â”€â”€â”€â”€â”€â”€â”€â”€â”€â”€â”€â”€â”€â”€â”€â”€â”€â”€â”€â”€â”€â”€â”€â”€â”€â”€â”€â”€â”€â”€â”€â”€â”€â”€â”€â”€â”€â”€â”€â”€ tidyverse_conflicts() â”€â”€
[31mx[30m [34mdplyr[30m::[32mcollapse()[30m   masks [34mIRanges[30m::collapse()
[31mx[30m [34mdplyr[30m::[32mcombine()[30m    masks [34mBiobase[30m::combine(), [34mBiocGenerics[30m::combine()
[31mx[30m [34mdplyr[30m::[32mcount()[30m      masks [34mmatrixStats[30m::count()
[31mx[30m [34mdplyr[30m::[32mdesc()[30m       masks [34mIRanges[30m::desc()
[31mx[30m [34mtidyr[30m::[32mexpand()[30m     masks [34mS4Vectors[30m::expand()
[31mx[30m [34mdplyr[30m::[32mfilter()[30m     masks [34mstats[30m::filter()
[31mx[30m [34mdplyr[30m::[32mfirst()[30m      masks [34mS4Vectors[30m::first()
[31mx[30m [34mdplyr[30m::[32mlag()[30m        masks [34mstats[30m::lag()
[31mx[30m [34mggplot2[30m::[32mPosition()[30m masks [34mBiocGenerics[30m::Position(), [34mbase[30m::Position()
[31mx[30m [34mpurrr[30m::[32mreduce()[30m     masks [34mGenomicRanges[30m::reduce(), [34mIRanges[30m::reduce()
[31mx[30m [34mdplyr[30m::[32mrename()[30m     masks [34mS4Vectors[30m::rename()
[31mx[30m [34mpurrr[30m::[32msimplify()[30m   masks [34mDelayedArray[30m::simplify()
[31mx[30m [34mdplyr[30m::[32mslice()[30m      masks [34mIRanges[30m::slice()[39m
"
